#,Step,Category,Task,Details,Deadline,Reviewer Priority,To Do,Done,Compliance Flag
1,Step 1 - Bios,All Platforms,Collect your existing social URLs,"Fill in Instagram / Facebook / YouTube / LinkedIn / X / Google Business URLs — needed for grant app and MailerLite footer",ASAP,HIGH,YES,,
2,Step 1 - Bios,Instagram,Update Instagram bio,"Add line: Digital Pioneer Gallery · digitalpioneer.ai — Full bio: Digital skills for adults 50+ · Austin TX | Digital Pioneer Gallery · City of Austin ACME Elevate | digitalpioneer.ai",ASAP,CRITICAL,YES,,REVIEWER CHECKS THIS
3,Step 1 - Bios,Instagram,Create Highlight folder named Digital Pioneer Gallery,"Add gallery photos, cohort photos, or program posts to it",ASAP,HIGH,YES,,
4,Step 1 - Bios,Instagram,Pin most recent Digital Pioneer Gallery post to top of profile grid,,ASAP,HIGH,YES,,
5,Step 1 - Bios,Instagram,Use #DigitalPioneerGallery on every DPG-related post going forward,,Ongoing,MED,YES,,
6,Step 1 - Bios,Facebook,Update Facebook Page About / Short Description,"Go to Page > Edit Page Info > About. New copy: Digital skills training + public gallery exhibitions for adults 50+ in Austin TX. Home of the Digital Pioneer Gallery — a City of Austin ACME Elevate program. In-person at Austin Libraries + online. Free to apply.",ASAP,CRITICAL,YES,,REVIEWER CHECKS THIS
7,Step 1 - Bios,Facebook,Create Featured section on Facebook Page with DPG post or link,,ASAP,HIGH,YES,,
8,Step 1 - Bios,Facebook,Pin a Digital Pioneer Gallery post to top of Page feed,,ASAP,CRITICAL,YES,,REVIEWER CHECKS THIS
9,Step 1 - Bios,Facebook,Add digitalpioneer.ai as additional website under Page Info,,ASAP,HIGH,YES,,
10,Step 1 - Bios,Facebook,Create Facebook Event for first gallery walk,"Create as soon as gallery walk date is confirmed",When date confirmed,MED,YES,,
11,Step 1 - Bios,YouTube,Update YouTube channel description,"Go to YouTube Studio > Customization > Basic Info. Add: HOME OF THE DIGITAL PIONEER GALLERY — Austin's public gallery program for adults 50+. In-person at Austin Libraries · Live online · Public gallery openings. Apply free: digitalpioneer.ai",ASAP,HIGH,YES,,
12,Step 1 - Bios,YouTube,Create new playlist named Digital Pioneer Gallery,"YouTube Studio > Content > Playlists > New Playlist. Description: Art & Technology Exhibitions by Adults 50+ in Austin TX. A City of Austin ACME Elevate program by 50+TechBridge.",ASAP,CRITICAL,YES,,REVIEWER CHECKS THIS
13,Step 1 - Bios,YouTube,Add any existing related videos to the DPG playlist,,ASAP,CRITICAL,YES,,REVIEWER CHECKS THIS — must have at least 1 video before Aug 18
14,Step 1 - Bios,YouTube,Set DPG playlist to Public,,ASAP,CRITICAL,YES,,
15,Step 1 - Bios,YouTube,Copy DPG playlist URL and add to grant application,,Before Aug 18,HIGH,YES,,
16,Step 1 - Bios,LinkedIn,Update LinkedIn Page tagline,"New tagline: Digital skills for adults 50+ · Home of the Digital Pioneer Gallery · Austin TX",ASAP,MED,YES,,
17,Step 1 - Bios,LinkedIn,Add Digital Pioneer Gallery as a Product/Service,"LinkedIn Page > Products tab > Add Product. Name: Digital Pioneer Gallery. Description: Austin's free public gallery program for adults 50+... Link: digitalpioneer.ai",ASAP,MED,YES,,
18,Step 1 - Bios,X / Twitter,Update X/Twitter bio,"Bio (160 char): Digital skills for adults 50+ · Austin TX · Home of Digital Pioneer Gallery · City of Austin ACME Elevate · digitalpioneer.ai",ASAP,MED,YES,,
19,Step 2 - Google Business,Google,Create Google Business Profile for Digital Pioneer Gallery,"Go to business.google.com — sign in with business Google account",ASAP,CRITICAL,YES,,REVIEWER GOOGLES THIS FIRST
20,Step 2 - Google Business,Google,Set business name to Digital Pioneer Gallery,,ASAP,CRITICAL,YES,,
21,Step 2 - Google Business,Google,Set primary category to Art Gallery and secondary to Community Center,,ASAP,HIGH,YES,,
22,Step 2 - Google Business,Google,"Set location type to: I serve customers at their location (no storefront)",,ASAP,HIGH,YES,,
23,Step 2 - Google Business,Google,Set service area to Austin TX — Travis County,,ASAP,HIGH,YES,,
24,Step 2 - Google Business,Google,Add business phone number,,ASAP,HIGH,YES,,
25,Step 2 - Google Business,Google,Set website to digitalpioneer.ai,,ASAP,HIGH,YES,,
26,Step 2 - Google Business,Google,Add photos to Google Business Profile,"Add Pioneers Gallery image + any cohort photos",ASAP,HIGH,YES,,
27,Step 2 - Google Business,Google,Add Google Business description (750 char),"Paste full description from the guide — mentions Library / Carver Museum / free / ACME Elevate",ASAP,HIGH,YES,,
28,Step 2 - Google Business,Google,Verify the Google Business Profile,"Google will send a postcard or call — complete verification so profile goes live",ASAP,CRITICAL,YES,,MUST BE VERIFIED — unverified profiles do not appear in search
29,Step 3 - Domains,Domains,digitalpioneergallery.com — check and confirm redirect,"VERIFIED: Owned. 301 redirect to digitalpioneer.ai confirmed live.",Done,,YES,DONE — redirects correctly to digitalpioneer.ai
30,Step 3 - Domains,Domains,Check if digitalpioneergallery.org is available,".org signals community program to grant reviewers — optional",ASAP,LOW,YES,,
31,Step 4 - Hashtags,All Platforms,Save and use primary hashtags on every post,"#DigitalPioneerGallery  #50TechBridge  #AustinArts",Ongoing,MED,YES,,
32,Step 4 - Hashtags,All Platforms,Rotate secondary hashtags on posts,"#ACMEElevate #CityOfAustin #AustinLibrary #Adults50Plus #DigitalArtAustin #CarverMuseum #ArtistsOfAustin #CreativeAging",Ongoing,LOW,YES,,
33,Deadline Checklist,Google,Google Business Profile live and verified,"Grant reviewers Google the program before reviewing — must be live",Aug 18 2026,CRITICAL,YES,,REVIEWER CHECKS THIS FIRST
34,Deadline Checklist,Instagram,Instagram bio updated with digitalpioneer.ai link,,Aug 18 2026,CRITICAL,YES,,REVIEWER CHECKS THIS
35,Deadline Checklist,Instagram,At least 6 Instagram posts tagged #DigitalPioneerGallery,,Aug 18 2026,CRITICAL,YES,,REVIEWER CHECKS THIS
36,Deadline Checklist,YouTube,At least 1 video on YouTube in the Digital Pioneer Gallery playlist,,Aug 18 2026,CRITICAL,YES,,REVIEWER CHECKS THIS
37,Deadline Checklist,Facebook,Facebook page updated with DPG description and at least 1 pinned post,,Aug 18 2026,CRITICAL,YES,,REVIEWER CHECKS THIS
38,Deadline Checklist,Website,digitalpioneer.ai live and working,"VERIFIED: Live. Mentions DPG, ACME Elevate, 50+TechBridge, Library, Carver Museum, apply form — all reviewer boxes checked.",Aug 18 2026,CRITICAL,,YES,DONE — fully compliant. Strong for reviewers.
39,Compliance Flag,learnmoretechnologies.com,ADD City of Austin ACME Elevate mention to LMT homepage,"Site is live but has NO mention of ACME Elevate or Austin grant. Reviewers who click through from grant app to LMT will not see the connection. Add 1 sentence: Funded by City of Austin ACME Elevate — to homepage or footer.",Before Aug 18,HIGH,YES,,FLAG — missing Austin/ACME Elevate context
40,Compliance Flag,brianmckinney.com,Investigate brianmckinney.com — returning 403 error,"Site is inaccessible (403 Forbidden). Either fix it, redirect it to digitalpioneer.ai, or confirm it is intentionally offline. If reviewers Google Brian McKinney they may hit this error.",Before Aug 18,MED,YES,,FLAG — 403 error / site unreachable
41,First 6 Posts,Instagram / Facebook,Post 1 — Program Announcement,"Image: Pioneers Gallery photo. Caption: Introduce the program — what it is, who it's for, how to apply. Link: digitalpioneer.ai",Before Aug 18,CRITICAL,YES,,
42,First 6 Posts,Instagram / Facebook,Post 2 — What is a Digital Pioneer?,"Image: Brian or cohort in session. Caption: Define the Digital Pioneer identity. Who are these artists. What makes them different.",Before Aug 18,CRITICAL,YES,,
43,First 6 Posts,Instagram / Facebook,Post 3 — Library Partner Highlight,"Image: Austin Public Library exterior or session photo. Caption: Tag @AustinPublicLibrary. Explain the partnership. Show in-person component is real.",Before Aug 18,CRITICAL,YES,,
44,First 6 Posts,Instagram / Facebook,Post 4 — Start Where You Are,"Image: Close-up of hands on tablet, sketchbook, or creative tool. Caption: Address the fear of starting. All disciplines welcome. No tech experience needed.",Before Aug 18,CRITICAL,YES,,
45,First 6 Posts,Instagram / Facebook,Post 5 — Gallery Walk Teaser,"Image: Carver Museum exterior or gallery wall. Caption: Where your work ends up. The destination. The public stage. The opening night.",Before Aug 18,CRITICAL,YES,,
46,First 6 Posts,Instagram / Facebook,Post 6 — Apply Now,"Image: Application form screenshot or program graphic. Caption: Applications open. Free. Link in bio. Deadline information.",Before Aug 18,CRITICAL,YES,,
47,URL Collection,All Platforms,Record Instagram URL,"instagram.com/[your handle] — add to grant app and MailerLite footer",ASAP,HIGH,YES,,
48,URL Collection,All Platforms,Record Facebook URL,"facebook.com/[your handle] — add to grant app and MailerLite footer",ASAP,HIGH,YES,,
49,URL Collection,All Platforms,Record YouTube URL,"youtube.com/@[your handle] — add to grant app and MailerLite footer",ASAP,HIGH,YES,,
50,URL Collection,All Platforms,Record LinkedIn URL,"linkedin.com/company/[your handle] — add to grant app and MailerLite footer",ASAP,MED,YES,,
51,URL Collection,All Platforms,Record X / Twitter URL,"x.com/[your handle] — add to grant app and MailerLite footer",ASAP,MED,YES,,
52,URL Collection,All Platforms,Record Google Business URL,"g.page/[your listing] — add to grant app and MailerLite footer",ASAP,HIGH,YES,,
53,URL Collection,All Platforms,Add all URLs to MailerLite email footer,,Before Aug 18,HIGH,YES,,
54,URL Collection,All Platforms,Add all URLs to Elevate grant application,,Before Aug 18,HIGH,YES,,
