Category,Priority,ID,Title,Slug,URL,Action,Absorbs,Keyphrase,SEO Title,Meta Description
The Problem,1,2334,The $76 Trillion Blind Spot: Why Marketers Ignore Adults 50+,the-76-trillion-blind-spot-why-marketers-ignore-adults-50,https://learnmoretechnologies.com/the-76-trillion-blind-spot-why-marketers-ignore-adults-50/,Rewrite,,marketing to adults over 50,The $76 Trillion Blind Spot: Why Marketers Ignore Adults 50+,"Adults 50+ control $76T in wealth and 70% of disposable income yet get only 5% of ad spend. The biggest missed opportunity in marketing."
The Problem,2,2296,The $850 Billion Cost of Ignoring Your Experienced Workers,850-billion-cost-ageism-workforce,https://learnmoretechnologies.com/850-billion-cost-ageism-workforce/,Rewrite,2300,cost of ageism in the workplace,The $850 Billion Cost of Ageism in the Workplace (2026),"Age discrimination costs businesses $850 billion a year in turnover and lost productivity. Retaining experienced workers isn't just ethical — it's profitable."
The Problem,3,2318,The Digital Divide for Adults Over 50: Data Causes and Solutions,digital-divide-adults-over-50,https://learnmoretechnologies.com/digital-divide-adults-over-50/,Rewrite,415,digital divide adults over 50,The Digital Divide for Adults Over 50: Data Causes and Solutions,"22 million older adults lack broadband. AI usage doubled but confidence dropped 35%. Here's what's causing the digital divide and how to fix it."
The Problem,4,2328,The Confidence Gap: Why AI Training Fails Workers Over 50+,ai-confidence-gap-older-workers,https://learnmoretechnologies.com/ai-confidence-gap-older-workers/,Rewrite,,AI training for older workers,The Confidence Gap: Why AI Training Fails Workers Over 50+,"AI usage among adults 50+ doubled but confidence dropped 35%. Standard training fails this demographic. Here's what actually works."
The Opportunity,5,2448,The AI Gap Is Real. 10 Consulting Firms Proved It.,the-ai-gap-is-real-10-consulting-firms-proved-it-50techbridge-was-already-there,https://learnmoretechnologies.com/the-ai-gap-is-real-10-consulting-firms-proved-it-50techbridge-was-already-there/,Rewrite,,agentic AI training for older workers,The AI Gap Is Real — 10 Consulting Firms Proved It | 50+TechBridge,"10 consulting firms confirmed the AI skills gap for workers 50+. 50+TechBridge was already there with agentic AI training and digital inclusion programs."
The Opportunity,6,2508,Thriving in the Age of AI: Career Security After 50+,thriving-in-the-age-of-ai-career-security-after-50,https://learnmoretechnologies.com/thriving-in-the-age-of-ai-career-security-after-50/,Rewrite,,AI career security after 50,Thriving in the Age of AI: Career Security After 50+,"AI replaces tasks not experience. 7 strategies for workers 50+ to stay indispensable. Only 10% have received AI training — 47% want it."
The Opportunity,7,2290,Why Your 50+ Workforce Is Your Biggest Untapped Asset,50-plus-workforce-untapped-asset,https://learnmoretechnologies.com/50-plus-workforce-untapped-asset/,Rewrite,,50 plus workforce untapped asset,Why Your 50+ Workforce Is Your Biggest Untapped Asset,"Workers 55-64 have 10.1 years median tenure vs 3.0 for younger workers. Yet they get half the training budget. The gap is investment not capability."
The Solution,8,2314,What Is AgeTech? The Complete Guide for 2026,what-is-agetech-complete-guide,https://learnmoretechnologies.com/what-is-agetech-complete-guide/,Rewrite,468,what is agetech,What Is AgeTech? The Complete Guide for 2026 | Learn More Technologies,"AgeTech is the $2 trillion market built for adults 50+. Learn the 6 categories why workforce AI training is the biggest gap and how to get involved."
The Solution,9,2470,From Awareness to Action: Leading the Solution Beyond AARP,from-awareness-to-action-leading-the-solution-beyond-aarp,https://learnmoretechnologies.com/from-awareness-to-action-leading-the-solution-beyond-aarp/,Rewrite,,digital inclusion programs for adults 50+,From Awareness to Action: Leading the Solution Beyond AARP,"AARP documented the gap — 47% of workers 50+ want AI training but only 10% got it. 50+TechBridge is the implementation. 200+ adults trained across 12 locations."
The Solution,10,2294,What Your Agency Will Discover by Deploying 50+TechBridge,what-your-agency-will-discover-by-deploying-50techbridge,https://learnmoretechnologies.com/what-your-agency-will-discover-by-deploying-50techbridge/,Rewrite,,AI training program for workforce agencies,What Your Agency Will Discover by Deploying 50+TechBridge,"5 lessons from deploying AI training across 12 locations. Design beats motivation. Peer instruction works. Projects beat certificates. Start small scale fast."
The Solution,11,2336,From 13 Locations to 50000 Digital Pioneers,from-13-locations-to-50000-digital-pioneers,https://learnmoretechnologies.com/from-13-locations-to-50000-digital-pioneers/,Rewrite,,50+TechBridge digital pioneers,From 13 Locations to 50000 Digital Pioneers | 50+TechBridge,"From one senior center in East Austin to 12 locations. $98 trains one Digital Pioneer. The model works — now we scale to 50000."
Practical Guides,12,2209,How WIOA Funds Pay for AI Training for Adults 50+,how-wioa-funds-pay-for-ai-training-for-adults-50,https://learnmoretechnologies.com/how-wioa-funds-pay-for-ai-training-for-adults-50/,Rewrite,,WIOA funding AI training adults 50,How WIOA Funds Pay for AI Training for Adults 50+,"WIOA funds cover AI and digital skills training for adults 50+. Learn how workforce boards can deploy funded programs with proven 3x completion rates."
Practical Guides,13,2222,AI Workshops for Experienced Employees: The 90-Minute Turnkey Solution,ai-workshops-for-experienced-employees-the-90-minute-turnkey-solution,https://learnmoretechnologies.com/ai-workshops-for-experienced-employees-the-90-minute-turnkey-solution/,Rewrite,,AI workshop for experienced employees,AI Workshops for Experienced Employees: 90-Minute Turnkey Solution,"Deploy a 90-minute AI workshop for your experienced workforce. Turnkey. WIOA-eligible. Peer-led instruction with 3x industry completion rates."
Practical Guides,14,818,How 50+ Adults Can Use Smartphones for Independent Living,how-50-adults-can-use-smartphones-for-independent-living-2026-complete-guide,https://learnmoretechnologies.com/how-50-adults-can-use-smartphones-for-independent-living-2026-complete-guide/,Rewrite,"588,536,756",smartphones for independent living after 50,How 50+ Adults Can Use Smartphones for Independent Living (2026),"10 ways adults 50+ can use smartphones and tablets for health monitoring safety and daily independence. Practical no-jargon guide."
Redirects,,2300,Why the $850B Series Is Really a Letter to the 50+ Community,why-the-850-billion-series-is-really-a-letter-to-the-50-community,https://learnmoretechnologies.com/why-the-850-billion-series-is-really-a-letter-to-the-50-community/,Redirect to 2296,,,,
Redirects,,415,Life After 50 In A Digital World,life-after-50-in-a-digital-world,https://learnmoretechnologies.com/life-after-50-in-a-digital-world/,Redirect to 2318,,,,
Redirects,,468,The AgeTech Guide: Technology for Aging Well,the-agetech-guide-technology-for-aging-well,https://learnmoretechnologies.com/the-agetech-guide-technology-for-aging-well/,Redirect to 2314,,,,
Redirects,,588,Independent Living With Mobile Devices & Tablets,independent-living-with-mobile-devices-tablets-10-ways-smart-tech-actually-makes-life-easier-after-50,https://learnmoretechnologies.com/independent-living-with-mobile-devices-tablets-10-ways-smart-tech-actually-makes-life-easier-after-50/,Redirect to 818,,,,
Redirects,,536,How 50PlusTechbridge Is Helping Redefine Independent Living,how-50plustechbridge-is-helping-redefine-independent-living,https://learnmoretechnologies.com/how-50plustechbridge-is-helping-redefine-independent-living/,Redirect to 818,,,,
Redirects,,756,10 Tech Tools That Make Independent Living Easier After 50,independent-living-with-agete,https://learnmoretechnologies.com/independent-living-with-agete/,Redirect to 818,,,,
Deprioritize,,2401,Influence Is Not Who You Know,influence-is-not-who-you-know,https://learnmoretechnologies.com/influence-is-not-who-you-know/,Keep as-is — personal essay,,,,
